{
  "summary": {
    "n_channels_scored": 1,
    "avg_precision": 0.8367346938775511,
    "avg_recall": 0.5985401459854015,
    "avg_f1": 0.6978723404255318
  },
  "config": {
    "data_dir": "/Volumes/DUAL DRIVE/esa-ad",
    "missions": "1",
    "resample": "1h",
    "window": 32,
    "seq_stride": 16,
    "epochs": 20,
    "max_channels": 58,
    "max_train_seq": 20000,
    "save_models": true,
    "seed": 42,
    "resume": true
  },
  "channels": [
    {
      "channel": "channel_12",
      "mission": "ESA-Mission1",
      "precision": 0.8367346938775511,
      "recall": 0.5985401459854015,
      "f1": 0.6978723404255318,
      "threshold": 0.0074999285861849785,
      "n_sequences": 7670,
      "n_anomaly_windows": 137,
      "initial_loss": 0.07754503190517426,
      "final_loss": 0.0056419954635202885,
      "epochs_ran": 15,
      "window": 32,
      "stride": 16,
      "pred_starts": [
        1856,
        1872,
        1888,
        1904,
        2704,
        2720,
        2736,
        2752,
        2768,
        11040,
        11056,
        11072,
        11088,
        11104,
        20880,
        20896,
        20912,
        22256,
        22272,
        22288,
        34720,
        34736,
        34752,
        35024,
        35040,
        35056,
        43120,
        43136,
        43152,
        43168,
        43184,
        45968,
        45984,
        46000,
        49664,
        49680,
        49696,
        49712,
        50304,
        50320,
        50336,
        50896,
        50912,
        63824,
        63840,
        63856,
        63872,
        63888,
        63904,
        82352,
        82368,
        82384,
        82400,
        82416,
        82432,
        82448,
        82464,
        82480,
        82496,
        82512,
        82528,
        82544,
        82560,
        82576,
        82592,
        82608,
        82624,
        82640,
        82656,
        82672,
        82688,
        82960,
        82976,
        90832,
        91008,
        91024,
        91248,
        99072,
        99088,
        99136,
        107840,
        107856,
        116464,
        116608,
        116624,
        116896,
        117024,
        117040,
        117168,
        117184,
        117456,
        118864,
        119136,
        119296,
        119312,
        119328,
        119344,
        119360
      ],
      "gt_starts": [
        1856,
        1872,
        1888,
        1904,
        1920,
        2704,
        2720,
        2736,
        2752,
        2768,
        6864,
        6880,
        7088,
        7104,
        9520,
        9536,
        11040,
        11056,
        11072,
        11088,
        11104,
        12288,
        12304,
        12320,
        12352,
        12368,
        12384,
        13024,
        13040,
        20880,
        20896,
        20912,
        22256,
        22272,
        22288,
        22304,
        24432,
        24448,
        24464,
        34720,
        34736,
        34752,
        35024,
        35040,
        35056,
        35072,
        43104,
        43120,
        43136,
        43152,
        43168,
        43184,
        43200,
        43216,
        43232,
        43248,
        43264,
        43280,
        44208,
        44224,
        44240,
        44256,
        44272,
        44288,
        45968,
        45984,
        46000,
        49664,
        49680,
        49696,
        49712,
        50304,
        50320,
        50336,
        50896,
        50912,
        63824,
        63840,
        63856,
        63872,
        63888,
        63904,
        63920,
        68512,
        68528,
        69920,
        69936,
        73920,
        73936,
        73984,
        74000,
        76144,
        76160,
        77040,
        77056,
        80480,
        80496,
        82352,
        82368,
        82384,
        82400,
        82416,
        82432,
        82448,
        82464,
        82480,
        82496,
        82512,
        82528,
        82544,
        82560,
        82576,
        82592,
        82608,
        82624,
        82640,
        82656,
        82672,
        82688,
        82752,
        82768,
        90960,
        90976,
        90992,
        91008,
        91024,
        99072,
        99088,
        99104,
        99120,
        99136,
        107840,
        107856,
        119312,
        119328,
        119344,
        119360
      ]
    }
  ]
}