{
  "config": {
    "data": "foxes",
    "epochs": 40,
    "batch": 12,
    "subsample_n": 1500,
    "val_frac": 0.25,
    "lr": 0.0001,
    "lr_min": 1e-05,
    "seed": 42,
    "device": "cuda",
    "checkpoint_every": 5,
    "resume": true,
    "synthetic_steps": 1,
    "usd_per_hr": 0.538,
    "in_chans": 7,
    "img": 128,
    "patch": 8,
    "embed": 256,
    "depth": 8,
    "heads": 8,
    "mlp": 1024,
    "local_window": 9,
    "aux_mask_chans": 0
  },
  "summary": {
    "data": "foxes",
    "n_epochs_run": 40,
    "epochs_total": 40,
    "final_loss": 0.01850560840288613,
    "initial_loss": 14.462783416693515,
    "num_patches": 256,
    "device": "cuda",
    "elapsed_s": 1005.9103600978851,
    "elapsed_hr": 0.27941954447163475,
    "usd_per_hr": 0.538,
    "est_cost_usd": 0.15032771492573951,
    "n_val": 375,
    "mae_dex": 0.3682210500910878,
    "rmse_dex": 0.4107930898766251,
    "mean_bias_dex": 0.31231881517916915,
    "pearson_r": 0.9429766136030386,
    "mae_dex_mean_baseline": 0.6894656838725011,
    "subsample_n": 1500,
    "n_train_samples": 1125,
    "checkpoint_path": "/workspace/foxes/out/foxes_repro/checkpoint.pt"
  }
}